id,story,wbs,result
S01-T01,S01,1.1,Пайдаланушы сценарийлері
S01-T02,S01,1.1,Must-have шекарасы
S01-T03,S01,1.1,Қабылдау критерийлері
S01-T04,S01,1.1,ФЕТ тізімі
S01-T05,S01,1.1,API келісімі
S01-T06,S01,1.1,Бекіту жазбасы
S02-T01,S02,1.2,Тұрақты ID тексеруі
S02-T02,S02,1.2,Баға өрістерін тексеру
S02-T03,S02,1.2,Санат сәйкестігі
S02-T04,S02,1.2,Сурет көздерін тіркеу
S02-T05,S02,1.2,Seed қайталануын тексеру
S02-T06,S02,1.2,Каталог қабылдауы
S03-T01,S03,1.3,Іздеу сценарийі
S03-T02,S03,1.3,Санат сүзгісі
S03-T03,S03,1.3,Сұрыптау сценарийі
S03-T04,S03,1.3,Тауар беті
S03-T05,S03,1.3,Бос нәтиже күйі
S03-T06,S03,1.3,Мобильді тексеру
S04-T01,S04,2.1,Тауар қосу
S04-T02,S04,2.1,Санын өзгерту
S04-T03,S04,2.1,Тауар жою
S04-T04,S04,2.1,Себет сақтау
S04-T05,S04,2.1,Бүлінген дерек күйі
S04-T06,S04,2.1,Себет қабылдауы
S05-T01,S05,2.2,Сұрау келісімін тексеру
S05-T02,S05,2.2,Тауарды базадан оқу
S05-T03,S05,2.2,Серверлік сома
S05-T04,S05,2.2,Транзакция тексеруі
S05-T05,S05,2.2,ID жауабы
S05-T06,S05,2.2,Тапсырыс жазбасы
S06-T01,S06,2.3,Аты-жөн өрісі
S06-T02,S06,2.3,Телефон тексеруі
S06-T03,S06,2.3,Мекенжай өрісі
S06-T04,S06,2.3,Қате хабарламасы
S06-T05,S06,2.3,Растау экраны
S06-T06,S06,2.3,Себетті босату шарты
S07-T01,S07,2.4,Жоқ тауар тесті
S07-T02,S07,2.4,Қайталанған ID тесті
S07-T03,S07,2.4,Қалдықтан артық сан тесті
S07-T04,S07,2.4,Жалған сома тесті
S07-T05,S07,2.4,Қатар сұрау тесті
S07-T06,S07,2.4,Рестарт тесті
S08-T01,S08,3.1,Node нұсқасы
S08-T02,S08,3.1,Іске қосу командасы
S08-T03,S08,3.1,Порт конфигурациясы
S08-T04,S08,3.1,Health тексеруі
S08-T05,S08,3.1,Docker сценарийі
S08-T06,S08,3.1,Таза ортадағы іске қосу
S09-T01,S09,3.2,Жазуды тоқтату тәртібі
S09-T02,S09,3.2,База көшірмесі
S09-T03,S09,3.2,Бөлек ортада restore
S09-T04,S09,3.2,Жазбалар санын салыстыру
S09-T05,S09,3.2,Қалпына келу уақытын өлшеу
S09-T06,S09,3.2,Регрессия хаттамасы
S10-T01,S10,3.3,Пайдаланушы нұсқаулығы
S10-T02,S10,3.3,Іске қосу нұсқаулығы
S10-T03,S10,3.3,Көрсетілім сценарийі
S10-T04,S10,3.3,Ақаулар тізімі
S10-T05,S10,3.3,Қабылдау хаттамасы
S10-T06,S10,3.3,Архивті тексеру
