story,A_model,B_model,C_model,range,consensus_model,disagreement,discovered
S01,2,3,5,3,3,Шекараны жазу мен оны қабылдатуды әртүрлі түсіну,Ұмытылған жұмыс: ФЕТ және бекіту дәлелі
S02,3,5,8,5,5,Каталогты толтыру мен дерек сапасын тексеру айырмасы,Жасырын тәуелділік: D2 сурет пен дерек шарты
S03,3,5,5,2,5,Тек іздеу өрісі немесе толық таңдау сценарийі,Ұмытылған жұмыс: бос нәтиже және мобильді көрініс
S04,5,8,8,3,8,Тек қосу немесе қайта ашқанда сақталатын себет,Дайындық түсінігі: бүлінген localStorage және сан шектері
S05,5,8,13,8,8,INSERT жеткілікті ме әлде атомарлық өзгеріс керек пе,Жасырын жұмыс: серверлік баға және rollback
S06,3,5,8,5,5,Форма көрінісі мен API қатесін көрсету айырмасы,Дайындық түсінігі: сәтті жауаптан кейін ғана себетті тазалау
S07,5,8,13,8,8,Кәдімгі тест пен қатар сұрау сценарийінің айырмасы,Ұмытылған жұмыс: соңғы тауарға екі сұрау және жеке тест базасы
S08,3,5,8,5,5,Өз компьютерінде іске қосу немесе таза ортада қайталау,"Жасырын тәуелділік: Node нұсқасы, порт және Docker қолжетімділігі"
S09,3,5,8,5,5,Көшірме алу мен restore нәтижесін дәлелдеу айырмасы,Ұмытылған жұмыс: жазбаларды салыстыру және уақыт өлшеу
S10,2,3,5,3,3,Файл тапсыру немесе қабылдау хаттамасымен жабу,Жасырын тәуелділік: D3 тексерушінің уақыты
