observation_week,done,source
1,3,"Lecture 6 slide 25, educational example"
2,8,"Lecture 6 slide 25, educational example"
3,4,"Lecture 6 slide 25, educational example"
4,10,"Lecture 6 slide 25, educational example"
5,2,"Lecture 6 slide 25, educational example"
6,7,"Lecture 6 slide 25, educational example"
7,9,"Lecture 6 slide 25, educational example"
8,5,"Lecture 6 slide 25, educational example"
9,6,"Lecture 6 slide 25, educational example"
10,6,"Lecture 6 slide 25, educational example"
